{
  "before": {
    "scrollY": 0,
    "x": 146,
    "y": 5382.84375,
    "width": 123,
    "height": 56,
    "cx": 207.5,
    "cy": 5410.84375
  },
  "after": {
    "scrollY": 4198,
    "x": 146,
    "y": 1184.84375,
    "width": 123,
    "height": 56,
    "cx": 207.5,
    "cy": 1212.84375
  }
}